following,followers,username_length,full_name_length,description_length,username_has_number,full_name_has_number,description_has_number,is_fake
0.07264729405491868,0.11315862496677773,0.2608695652173913,0.3333333333333333,0.68,0.0,0.0,1.0,0.0
0.00026659557451346307,0.550152890597801,0.34782608695652173,0.8666666666666667,0.30666666666666664,0.0,0.0,0.0,0.0
0.03945614502799254,0.040202358854668586,0.391304347826087,0.43333333333333335,0.22,0.0,0.0,0.0,0.0
0.0747800586510264,0.21006117339912547,0.391304347826087,0.4,0.47333333333333333,0.0,0.0,0.0,0.0
0.08144494801386297,0.04111587676976431,0.5652173913043478,0.5,0.34,0.0,0.0,0.0,0.0
0.05291922154092242,0.02304861217449868,0.391304347826087,0.4666666666666667,0.54,0.0,0.0,0.0,0.0
0.40255931751532925,0.26207476371934835,0.6521739130434783,0.7333333333333333,0.92,0.0,0.0,0.0,0.0
0.009064249533457745,0.013974401512018514,0.2608695652173913,0.3333333333333333,0.5333333333333333,0.0,0.0,0.0,0.0
0.08744334844041589,0.05160164925817803,0.2608695652173913,0.43333333333333335,0.41333333333333333,0.0,0.0,1.0,0.0
0.0021327645961077045,0.01892496202339474,0.43478260869565216,0.4666666666666667,0.9333333333333333,0.0,0.0,0.0,0.0
0.06798187150093309,0.0159006625477944,0.30434782608695654,0.4666666666666667,0.43333333333333335,0.0,0.0,0.0,0.0
0.2447347374033591,0.01729718413402085,0.5217391304347826,0.5666666666666667,0.8466666666666667,0.0,0.0,0.0,0.0
0.03159157557984538,0.06267479862481738,0.391304347826087,0.43333333333333335,0.5066666666666667,0.0,0.0,0.0,0.0
0.0718475073313783,0.1805492957988169,0.21739130434782608,0.4,0.6133333333333333,0.0,0.0,0.0,0.0
0.05771794188216475,0.03582221709889523,0.391304347826087,0.43333333333333335,0.25333333333333335,0.0,0.0,0.0,0.0
0.031858171154358836,0.014239574060411495,0.2608695652173913,0.3333333333333333,1.0,0.0,0.0,0.0,0.0
0.01559584110903759,0.13762233190942302,0.30434782608695654,0.16666666666666666,0.32666666666666666,0.0,0.0,0.0,0.0
0.0371900826446281,0.05321357937819612,0.08695652173913043,0.7,0.6266666666666667,0.0,0.0,0.0,0.0
0.09757398027192749,0.036516793537986245,0.34782608695652173,0.5,0.5933333333333334,0.0,0.0,0.0,0.0
0.032791255665155956,0.31324357708582135,0.34782608695652173,0.4,0.5666666666666667,0.0,0.0,0.0,0.0
0.061316982138096505,0.07181775024864342,0.2608695652173913,0.3333333333333333,0.5266666666666666,0.0,0.0,0.0,0.0
0.28472407358037854,0.1830557668871862,0.21739130434782608,0.26666666666666666,0.82,0.0,0.0,0.0,0.0
0.02252732604638763,0.06608186715390314,0.4782608695652174,0.5,0.68,0.0,0.0,0.0,0.0
0.0010663822980538523,0.0777702531716484,0.5217391304347826,0.0,0.76,0.0,0.0,0.0,0.0
0.0,0.02116393891563102,0.34782608695652173,0.7333333333333333,0.0,0.0,0.0,0.0,0.0
0.046520927752599306,0.013992369046702166,0.2608695652173913,0.23333333333333334,0.31333333333333335,0.0,0.0,0.0,0.0
0.01999466808850973,0.014480116954519022,0.34782608695652173,0.36666666666666664,0.9933333333333333,0.0,0.0,1.0,0.0
0.03105838443081845,0.0727760860592422,0.30434782608695654,0.9333333333333333,1.0,1.0,0.0,1.0,0.0
0.09664089576113037,0.017057145945943764,0.7391304347826086,0.4666666666666667,0.6466666666666666,0.0,0.0,1.0,0.0
0.12276726206344975,0.06611214951572952,0.391304347826087,0.4,0.14,0.0,0.0,0.0,0.0
0.005598507064782724,0.017366530742603255,0.2608695652173913,0.3333333333333333,0.36666666666666664,0.0,0.0,0.0,0.0
0.08957611303652359,0.014321740202167066,0.30434782608695654,0.36666666666666664,0.6266666666666667,0.0,0.0,1.0,0.0
0.07171420954412157,0.020014925166732162,0.4782608695652174,0.5,0.9933333333333333,0.0,0.0,0.0,0.0
0.8964276193015196,0.02065529617815396,0.2608695652173913,0.7,1.0,0.0,0.0,0.0,0.0
0.12623300453212477,0.04754270242017645,0.43478260869565216,0.7333333333333333,0.4266666666666667,0.0,0.0,0.0,0.0
0.025326579578778992,0.016774207745279306,0.391304347826087,0.4666666666666667,0.9933333333333333,0.0,0.0,0.0,0.0
0.0045321247667288725,0.22766017173934922,0.43478260869565216,0.3333333333333333,0.5133333333333333,0.0,0.0,0.0,0.0
0.014129565449213543,0.5555103451109177,0.391304347826087,0.5,0.5133333333333333,1.0,0.0,1.0,0.0
0.025459877366035725,0.02248889318674113,0.13043478260869565,0.13333333333333333,0.2,0.0,0.0,0.0,0.0
0.0,0.12329907758916465,0.2608695652173913,0.3,0.44666666666666666,0.0,0.0,0.0,0.0
0.06651559584110904,0.03975458366446255,0.43478260869565216,0.23333333333333334,0.94,0.0,0.0,1.0,0.0
0.026126366302319383,0.030345954786213086,0.2608695652173913,0.5666666666666667,0.8,0.0,0.0,0.0,0.0
0.025326579578778992,0.07995775004877984,0.17391304347826086,0.4,0.92,0.0,0.0,1.0,0.0
0.0045321247667288725,0.05082208032356098,0.6956521739130435,0.8666666666666667,0.3,0.0,0.0,0.0,0.0
0.15622500666488937,0.11900433209374167,0.391304347826087,0.4,0.4666666666666667,0.0,0.0,0.0,0.0
0.03439082911223674,0.030874886706113817,0.17391304347826086,0.43333333333333335,0.9533333333333334,0.0,0.0,0.0,0.0
0.10717142095441215,0.44446411676394204,0.391304347826087,0.4666666666666667,0.7,0.0,0.0,1.0,0.0
0.05691815515862437,0.14271511858017716,0.2608695652173913,0.4,0.18666666666666668,0.0,0.0,0.0,0.0
0.09144228205811783,0.013495031724306956,0.391304347826087,0.43333333333333335,0.6533333333333333,0.0,0.0,0.0,0.0
0.11490269261530259,0.03403686998681809,0.34782608695652173,0.4,0.62,0.0,0.0,0.0,0.0
0.02079445481205012,0.01819788251594341,0.391304347826087,0.43333333333333335,0.4533333333333333,0.0,0.0,0.0,0.0
0.09064249533457745,0.07624987672555207,0.4782608695652174,0.4666666666666667,0.6,0.0,0.0,0.0,0.0
0.021994134897360705,0.017863262417761937,0.5217391304347826,0.5333333333333333,0.8466666666666667,0.0,0.0,0.0,0.0
0.021860837110103972,0.037512881359661895,0.30434782608695654,0.36666666666666664,0.6133333333333333,0.0,0.0,0.0,0.0
0.14222873900293256,0.01838331151152693,0.043478260869565216,0.13333333333333333,0.42,0.0,0.0,0.0,0.0
0.02346041055718475,0.06921518313207844,0.4782608695652174,0.7,0.9733333333333334,0.0,0.0,1.0,0.0
0.03705678485737137,0.035083731235155964,0.13043478260869565,0.2,0.9533333333333334,0.0,0.0,0.0,0.0
0.05611836843508398,0.045843559098098396,0.21739130434782608,0.3333333333333333,0.56,0.0,0.0,0.0,0.0
0.04705411890162623,0.2611678069826483,0.6086956521739131,0.6333333333333333,0.37333333333333335,0.0,0.0,0.0,0.0
0.029992002132764595,0.030856515406605816,0.30434782608695654,0.36666666666666664,0.8533333333333334,0.0,0.0,1.0,0.0
0.08770994401492935,0.02650261836441532,0.21739130434782608,0.5,0.7,0.0,0.0,1.0,0.0
0.023593708344441484,0.06766492808898007,0.34782608695652173,0.43333333333333335,0.62,0.0,0.0,0.0,0.0
0.05598507064782725,1.0,0.391304347826087,0.4,0.6,0.0,0.0,1.0,0.0
0.008131165022660624,0.4017788061219226,0.391304347826087,0.0,0.58,0.0,0.0,0.0,0.0
0.008797653958944282,0.4301036151386372,0.30434782608695654,0.6333333333333333,0.62,0.0,0.0,1.0,0.0
0.018661690215942415,0.06230646416380255,0.34782608695652173,0.4,0.6866666666666666,0.0,0.0,1.0,0.0
0.17062116768861638,0.04324977386646306,0.5217391304347826,0.5666666666666667,0.4066666666666667,0.0,0.0,0.0,0.0
0.06984804052252733,0.2386737657943967,0.34782608695652173,0.4666666666666667,0.88,0.0,0.0,0.0,0.0
0.013996267661956812,0.05410600058121946,0.34782608695652173,0.4,0.6866666666666666,0.0,0.0,0.0,0.0
0.5179952012796588,0.013823191585298801,0.5217391304347826,0.5333333333333333,0.6733333333333333,0.0,0.0,0.0,0.0
0.015862436683551053,0.16334437192716042,0.34782608695652173,0.43333333333333335,0.6733333333333333,0.0,0.0,0.0,0.0
0.08331111703545721,0.015406353461581828,0.43478260869565216,0.8,0.9133333333333333,0.0,1.0,1.0,0.0
0.027326046387629966,0.0597946431915106,0.34782608695652173,0.4,0.96,0.0,0.0,0.0,0.0
0.06584910690482539,0.017886277012749984,0.34782608695652173,0.4,0.4,0.0,0.0,0.0,0.0
0.007464676086376966,0.10724952676239057,0.43478260869565216,0.7333333333333333,0.96,0.0,0.0,0.0,0.0
0.05278592375366569,0.017445365824557926,0.34782608695652173,0.9333333333333333,0.7133333333333334,0.0,0.0,0.0,0.0
0.04305518528392429,0.031771244616174595,0.34782608695652173,0.9666666666666667,0.9666666666666667,0.0,0.0,1.0,0.0
0.065049320181285,0.1111224389575721,0.5217391304347826,0.4666666666666667,0.44,0.0,0.0,0.0,0.0
0.015195947747267395,0.24547195414200632,0.34782608695652173,0.36666666666666664,0.6266666666666667,0.0,0.0,0.0,0.0
0.0837110103972274,0.03411237400897186,0.2608695652173913,0.5666666666666667,0.9666666666666667,0.0,0.0,1.0,0.0
0.03039189549453479,0.06206339773954282,0.2608695652173913,0.3,0.49333333333333335,0.0,0.0,0.0,0.0
0.014129565449213543,0.021133050906568113,0.391304347826087,0.4666666666666667,0.6933333333333334,0.0,0.0,1.0,0.0
0.052652625966408954,0.014535331794249116,0.17391304347826086,0.3333333333333333,0.3,0.0,0.0,0.0,0.0
0.07011463609704079,0.15028893915536637,0.2608695652173913,0.7333333333333333,0.42,0.0,0.0,0.0,0.0
0.0845107971207678,0.015098886547838006,0.43478260869565216,0.5333333333333333,0.8266666666666667,0.0,0.0,0.0,0.0
0.018661690215942415,0.03234570102002098,0.6521739130434783,0.9,0.62,0.0,0.0,0.0,0.0
0.27259397494001597,0.01276684186358866,0.6521739130434783,0.8,0.68,1.0,0.0,1.0,0.0
0.10890429218874967,0.03427034699649946,0.2608695652173913,0.9333333333333333,0.9333333333333333,0.0,0.0,1.0,0.0
0.010663822980538524,0.02118624692217645,0.2608695652173913,0.4666666666666667,0.98,0.0,0.0,1.0,0.0
0.05398560383897627,0.01587290371612022,0.34782608695652173,0.4,0.6133333333333333,0.0,0.0,0.0,0.0
0.07051452945881098,0.026931820372701178,0.4782608695652174,0.5333333333333333,1.0,0.0,0.0,0.0,0.0
0.03732338043188483,0.13292321594241183,0.21739130434782608,0.43333333333333335,0.31333333333333335,0.0,0.0,0.0,0.0
0.13129832044788056,0.049464219219266206,0.43478260869565216,0.5666666666666667,0.14666666666666667,0.0,0.0,0.0,0.0
0.0747800586510264,0.014230691234275757,0.34782608695652173,0.43333333333333335,0.5066666666666667,0.0,0.0,0.0,0.0
0.10690482537989869,0.0459614584268091,0.5652173913043478,0.5,0.74,0.0,0.0,0.0,0.0
0.10090642495334577,0.016156851328845555,0.34782608695652173,0.5,0.9533333333333334,0.0,0.0,1.0,0.0
0.133564382831245,0.05207314563181473,0.2608695652173913,0.3,0.5066666666666667,0.0,0.0,0.0,0.0
0.043588376432951215,0.015479838659613837,0.9565217391304348,0.4666666666666667,0.9333333333333333,0.0,0.0,0.0,0.0
0.03039189549453479,0.051694717050191095,0.2608695652173913,0.7666666666666667,0.3933333333333333,1.0,0.0,0.0,0.0
0.0045321247667288725,0.1378324915004981,0.2608695652173913,1.0,0.6333333333333333,0.0,0.0,0.0,0.0
0.08037856571580912,0.01566082624212949,0.5217391304347826,0.5666666666666667,0.8,0.0,0.0,0.0,0.0
0.13676352972540656,0.1272586982803757,0.5217391304347826,0.5333333333333333,0.35333333333333333,0.0,0.0,0.0,0.0
0.0,0.04994257959491688,0.43478260869565216,0.26666666666666666,0.22,0.0,0.0,0.0,0.0
0.19808051186350306,0.08858317610899308,0.391304347826087,0.23333333333333334,0.58,0.0,0.0,1.0,0.0
0.05891762196747534,0.015129471733282647,0.43478260869565216,0.16666666666666666,0.44666666666666666,1.0,0.0,0.0,0.0
0.05411890162623301,0.11015400902636453,0.6086956521739131,0.6333333333333333,0.76,0.0,0.0,0.0,0.0
0.1436950146627566,0.03535112449008288,0.5652173913043478,0.5333333333333333,0.7933333333333333,0.0,0.0,0.0,0.0
0.0667821914156225,0.06448366503791302,0.43478260869565216,0.5333333333333333,0.5266666666666666,0.0,0.0,0.0,0.0
0.025593175153292454,0.6398607536250258,0.782608695652174,0.8,0.9266666666666666,0.0,0.0,0.0,0.0
0.0321247667288723,0.028487627182134375,0.17391304347826086,0.23333333333333334,0.42,0.0,0.0,0.0,0.0
0.10770461210343908,0.014983712631691683,0.391304347826087,0.5333333333333333,0.52,0.0,0.0,0.0,0.0
0.0018661690215942416,0.057413642022308614,0.2608695652173913,1.0,0.9533333333333334,0.0,0.0,0.0,0.0
0.032791255665155956,0.042243894747796884,0.5217391304347826,0.3333333333333333,0.8333333333333334,0.0,0.0,0.0,0.0
0.004132231404958678,0.0451296019474385,0.391304347826087,0.6333333333333333,0.6333333333333333,0.0,0.0,1.0,0.0
0.06185017328712343,0.5450239669752674,0.6521739130434783,0.5,0.0,0.0,0.0,0.0,0.0
0.024926686217008796,0.10769841230586356,0.34782608695652173,0.4,0.5733333333333334,0.0,0.0,0.0,0.0
0.03399093575046654,0.012987903104921216,0.13043478260869565,0.5666666666666667,1.0,0.0,0.0,1.0,0.0
0.0173287123433751,0.015452382651557921,0.2608695652173913,0.3333333333333333,0.9533333333333334,0.0,0.0,0.0,0.0
0.16515595841109038,0.09863066188057303,0.391304347826087,0.43333333333333335,0.6533333333333333,0.0,0.0,1.0,0.0
0.10063982937883231,0.03294680590227458,0.6521739130434783,0.3333333333333333,0.98,0.0,0.0,0.0,0.0
0.037589976006398296,0.15512472951542064,0.5217391304347826,0.5333333333333333,0.8333333333333334,0.0,0.0,0.0,0.0
0.11037056784857371,0.014125813321150402,0.30434782608695654,0.3333333333333333,0.8333333333333334,0.0,0.0,0.0,0.0
0.13716342308717674,0.06358629771579136,0.34782608695652173,0.4,0.9533333333333334,0.0,0.0,0.0,0.0
0.09264196214342842,0.11531705077655584,0.43478260869565216,0.43333333333333335,0.72,1.0,0.0,1.0,0.0
0.08051186350306586,0.025507237131182282,0.43478260869565216,0.36666666666666664,0.8733333333333333,0.0,0.0,0.0,0.0
0.004132231404958678,0.05196584512974327,0.5652173913043478,1.0,0.6333333333333333,0.0,0.0,1.0,0.0
0.07411356971474274,0.015547469267692748,0.34782608695652173,0.4,0.7333333333333333,0.0,0.0,0.0,0.0
0.04398826979472141,0.013554385153486656,0.34782608695652173,0.4666666666666667,0.41333333333333333,0.0,0.0,0.0,0.0
0.002799253532391362,0.08771154879442385,0.6521739130434783,0.6666666666666666,0.47333333333333333,0.0,0.0,0.0,0.0
0.06185017328712343,0.027872188648616292,0.30434782608695654,0.8,0.8733333333333333,0.0,0.0,1.0,0.0
0.07531324980005331,0.01304614618083395,0.782608695652174,0.7666666666666667,0.7866666666666666,0.0,0.0,1.0,0.0
0.13529725406558252,0.21163888445027976,0.17391304347826086,0.8333333333333334,0.16,0.0,0.0,0.0,0.0
0.07957877899226873,0.39364102702832016,0.391304347826087,0.4,0.8533333333333334,0.0,0.0,1.0,0.0
0.07451346307651292,0.03433717007492967,0.34782608695652173,0.4,0.8533333333333334,0.0,0.0,0.0,0.0
0.11890162623300453,0.17192477820945845,0.5217391304347826,0.6333333333333333,0.4266666666666667,0.0,0.0,0.0,0.0
0.004132231404958678,0.056106958109500414,0.391304347826087,0.8333333333333334,0.6333333333333333,0.0,0.0,1.0,0.0
0.037589976006398296,0.05073567465114971,0.6956521739130435,0.7,0.64,0.0,0.0,0.0,0.0
0.08304452146094375,0.06354612311576836,0.08695652173913043,0.23333333333333334,0.9133333333333333,0.0,0.0,0.0,0.0
0.06398293788323114,0.019402514869396717,0.2608695652173913,0.5333333333333333,0.32666666666666666,0.0,0.0,0.0,0.0
0.09077579312183418,0.02359894363009005,0.34782608695652173,0.9666666666666667,0.9333333333333333,0.0,0.0,0.0,0.0
0.0005331911490269261,0.04029653699994862,0.43478260869565216,0.4666666666666667,0.8933333333333333,0.0,0.0,0.0,0.0
0.052252732604638766,0.01759889739901766,0.43478260869565216,0.3333333333333333,0.43333333333333335,0.0,0.0,0.0,0.0
0.03452412689949347,0.08035727534247585,0.30434782608695654,0.5333333333333333,0.5133333333333333,0.0,0.0,0.0,0.0
0.0015995734470807784,0.15323884496207993,0.391304347826087,0.7,0.78,0.0,0.0,0.0,0.0
0.004132231404958678,0.04845420151115042,0.43478260869565216,0.8,0.64,0.0,0.0,1.0,0.0
0.024660090642495334,0.01879454598512914,0.2608695652173913,0.36666666666666664,0.14666666666666667,0.0,0.0,0.0,0.0
0.07997867235403892,0.5816117221811336,0.43478260869565216,0.5,0.64,0.0,0.0,0.0,0.0
0.021061050386563585,0.014382103043407646,0.34782608695652173,0.16666666666666666,0.78,0.0,0.0,0.0,0.0
0.047454012263396426,0.07561122171463376,0.6086956521739131,0.6,0.6466666666666666,0.0,0.0,0.0,0.0
0.00959744068248467,0.029684285180306733,1.0,0.0,0.10666666666666667,0.0,0.0,0.0,0.0
0.051586243668355104,0.08870955449901517,0.43478260869565216,0.43333333333333335,0.6666666666666666,0.0,0.0,0.0,0.0
0.07118101839509464,0.1547028962151792,0.34782608695652173,0.3333333333333333,0.9,0.0,0.0,0.0,0.0
0.06251666222340709,0.056695849105817375,0.21739130434782608,0.7333333333333333,0.6666666666666666,0.0,0.0,0.0,0.0
0.0021327645961077045,0.11062358751708556,0.17391304347826086,0.5333333333333333,0.3466666666666667,0.0,0.0,0.0,0.0
0.12996534257531325,0.013086926428093473,0.391304347826087,0.8666666666666667,0.7066666666666667,0.0,0.0,0.0,0.0
0.07104772060783791,0.03080665045079838,0.2608695652173913,0.3333333333333333,0.6533333333333333,0.0,0.0,0.0,0.0
0.0693148493735004,0.03387899794049657,0.782608695652174,0.7666666666666667,0.6,0.0,0.0,0.0,0.0
0.05585177286057051,0.016535784616499627,0.391304347826087,0.43333333333333335,0.5066666666666667,0.0,0.0,0.0,0.0
0.015195947747267395,0.3348978883806275,0.43478260869565216,0.4666666666666667,0.7266666666666667,0.0,0.0,1.0,0.0
0.093841642228739,0.0382635811093378,0.5652173913043478,0.5666666666666667,0.92,0.0,0.0,0.0,0.0
0.04318848307118102,0.021937754201501056,0.30434782608695654,0.3333333333333333,0.62,0.0,0.0,0.0,0.0
0.0646494268195148,0.019009954518920773,0.43478260869565216,0.4666666666666667,0.44,0.0,0.0,0.0,0.0
0.017995201279658757,0.02498718803741729,0.391304347826087,0.5,0.6933333333333334,0.0,0.0,0.0,0.0
0.019461476939482806,0.054349167946685276,0.30434782608695654,0.5,0.26666666666666666,0.0,0.0,0.0,0.0
0.0321247667288723,0.036110908948306694,0.391304347826087,0.5333333333333333,0.8933333333333333,0.0,0.0,0.0,0.0
0.06904825379898694,0.33024399407394367,0.391304347826087,0.43333333333333335,0.9333333333333333,0.0,0.0,0.0,0.0
0.05278592375366569,0.09994380603057085,0.2608695652173913,0.3,0.32666666666666666,0.0,0.0,0.0,0.0
0.09970674486803519,0.09728127983758963,0.34782608695652173,0.8,0.34,0.0,0.0,1.0,0.0
0.1061050386563583,0.016696483016591605,0.2608695652173913,0.6666666666666666,0.6133333333333333,0.0,0.0,1.0,0.0
0.1090375899760064,0.01803536717414185,0.34782608695652173,0.9666666666666667,0.76,0.0,0.0,1.0,0.0
0.019594774726739535,0.028804380686838285,0.5652173913043478,0.6,0.7266666666666667,0.0,0.0,0.0,0.0
0.06291655558517728,0.0442317299192864,0.5217391304347826,0.06666666666666667,0.18,0.0,0.0,0.0,0.0
0.0005331911490269261,0.03196616208513038,0.34782608695652173,0.4,0.88,0.0,0.0,0.0,0.0
0.10623833644361504,0.012977405219488073,0.43478260869565216,0.43333333333333335,1.0,0.0,0.0,0.0,0.0
0.06491602239402826,0.03159257868139897,0.6086956521739131,0.23333333333333334,0.74,0.0,0.0,0.0,0.0
0.0007997867235403892,0.119830132100747,0.34782608695652173,0.36666666666666664,0.32666666666666666,0.0,0.0,0.0,0.0
0.004132231404958678,0.03515025148996791,0.5652173913043478,1.0,0.6333333333333333,0.0,0.0,1.0,0.0
0.040655825113303116,0.03068299747334067,0.34782608695652173,0.36666666666666664,0.8533333333333334,0.0,0.0,1.0,0.0
0.0006664889362836577,0.0655447589963093,0.34782608695652173,0.7666666666666667,0.9933333333333333,0.0,0.0,0.0,0.0
0.0006664889362836577,0.03653153095407508,0.391304347826087,0.43333333333333335,0.2,0.0,0.0,0.0,0.0
0.013596374300186616,0.6501365684047766,0.43478260869565216,0.4,0.3,0.0,0.0,0.0,0.0
0.00026659557451346307,0.01417174156992041,0.34782608695652173,0.4,0.6866666666666666,0.0,0.0,0.0,0.0
0.022127432684617435,0.02501787416406802,0.6956521739130435,0.7,0.47333333333333333,0.0,0.0,0.0,0.0
0.10423886963476406,0.03937332872906845,0.391304347826087,0.3,0.9466666666666667,0.0,0.0,0.0,0.0
0.12983204478805652,0.012879189425964522,0.34782608695652173,0.7666666666666667,0.88,0.0,0.0,0.0,0.0
0.0371900826446281,0.03633762289718018,0.4782608695652174,0.6333333333333333,0.9533333333333334,0.0,0.0,0.0,0.0
0.04918688349773394,0.021618578107851037,0.391304347826087,0.2,0.22666666666666666,0.0,0.0,0.0,0.0
0.00013329778725673153,0.06399591713009616,0.17391304347826086,0.26666666666666666,0.3333333333333333,0.0,0.0,0.0,0.0
0.001466275659824047,0.025341188847167646,0.30434782608695654,0.5333333333333333,0.0,0.0,0.0,0.0,0.0
0.03345774460143962,0.06093295717256414,0.21739130434782608,0.6666666666666666,0.9733333333333334,0.0,0.0,1.0,0.0
0.039589442815249266,0.017345534971736968,0.30434782608695654,0.2,0.9666666666666667,0.0,0.0,0.0,0.0
0.03425753132498,0.03382499439523953,0.4782608695652174,0.5,0.0,0.0,0.0,0.0,0.0
0.0663822980538523,0.019880471480223042,0.17391304347826086,0.43333333333333335,0.8266666666666667,0.0,0.0,1.0,0.0
0.0545187949880032,0.012780569867616618,0.30434782608695654,0.3333333333333333,0.96,0.0,0.0,0.0,0.0
0.0765129298853639,0.02367232788691597,0.6086956521739131,0.6,0.5266666666666666,0.0,0.0,0.0,0.0
0.019594774726739535,0.03313435466318594,0.782608695652174,0.8,0.98,0.0,0.0,1.0,0.0
0.09957344708077846,0.02548159806483595,0.30434782608695654,0.36666666666666664,0.20666666666666667,0.0,0.0,1.0,0.0
0.00013329778725673153,0.013421950291099298,0.13043478260869565,0.2,0.6333333333333333,0.0,0.0,1.0,0.0
0.11743535057318048,0.04709119240534516,0.8695652173913043,0.0,0.19333333333333333,0.0,0.0,0.0,0.0
0.0747800586510264,0.043399065910267105,0.30434782608695654,0.7,0.9333333333333333,0.0,0.0,0.0,0.0
0.014396161023727006,0.379885163227482,0.391304347826087,0.43333333333333335,0.9933333333333333,0.0,0.0,0.0,0.0
0.1039722740602506,0.08125252289926967,0.43478260869565216,0.4666666666666667,0.5866666666666667,0.0,0.0,0.0,0.0
0.06065049320181285,0.048257668982897226,0.0,0.1,0.36666666666666664,0.0,0.0,0.0,0.0
0.07717941882164756,0.21758866196072035,0.34782608695652173,0.4,0.8933333333333333,0.0,0.0,1.0,0.0
0.05505198613703013,0.019471760536773033,0.34782608695652173,0.0,0.9533333333333334,0.0,0.0,0.0,0.0
0.03345774460143962,0.036818607744189144,0.17391304347826086,0.43333333333333335,0.4066666666666667,0.0,0.0,0.0,0.0
0.07144761396960811,0.06727327620935893,0.30434782608695654,0.5,0.0,0.0,0.0,0.0,0.0
0.0,0.6278803446980682,0.34782608695652173,0.4,0.8,0.0,0.0,0.0,0.0
0.025459877366035725,0.021632306111878993,0.43478260869565216,0.5,0.5933333333333334,0.0,0.0,0.0,0.0
0.031724873367102106,0.04344973839572324,0.2608695652173913,0.3333333333333333,0.6733333333333333,0.0,0.0,0.0,0.0
0.021194348173820314,0.02271429489993547,0.30434782608695654,0.4,0.18666666666666668,0.0,0.0,0.0,0.0
0.011730205278592375,0.019265739535147576,0.43478260869565216,0.6666666666666666,0.7733333333333333,0.0,0.0,1.0,0.0
0.004132231404958678,0.02872009477975487,0.5217391304347826,0.5,0.13333333333333333,0.0,0.0,0.0,0.0
0.00026659557451346307,0.4443212849573276,0.34782608695652173,0.4,0.8533333333333334,0.0,0.0,0.0,0.0
0.060250599840042655,0.14092623852588693,0.30434782608695654,0.3,0.88,0.0,0.0,1.0,0.0
0.11503599040255932,0.11815198454953522,0.34782608695652173,0.5,0.6533333333333333,0.0,0.0,1.0,0.0
0.04918688349773394,0.05367629386690317,0.391304347826087,0.43333333333333335,0.31333333333333335,0.0,0.0,0.0,0.0
0.20567848573713676,0.0505451985952618,0.34782608695652173,0.4,0.98,0.0,0.0,1.0,0.0
0.11890162623300453,0.034312742303056386,0.34782608695652173,0.36666666666666664,0.6333333333333333,0.0,0.0,0.0,0.0
0.06158357771260997,0.013741732031985846,0.34782608695652173,0.16666666666666666,0.5466666666666666,0.0,0.0,0.0,0.0
0.013063183151159691,0.060004298076555225,0.391304347826087,0.8333333333333334,0.9133333333333333,0.0,0.0,1.0,0.0
0.01466275659824047,0.021404582750944635,0.43478260869565216,0.4666666666666667,0.0,0.0,0.0,0.0,0.0
0.03199146894161557,0.014191929811137994,0.5652173913043478,0.5666666666666667,0.9466666666666667,0.0,0.0,0.0,0.0
0.11010397227406025,0.02965036893506119,0.2608695652173913,0.5333333333333333,0.5,0.0,0.0,0.0,0.0
0.27659290855771795,0.021684088950602098,0.34782608695652173,0.36666666666666664,0.9733333333333334,0.0,0.0,0.0,0.0
0.05718475073313783,0.016330167379698522,0.7391304347826086,0.8,0.7666666666666667,0.0,0.0,0.0,0.0
0.022793921620901093,0.25167398372646066,0.34782608695652173,0.6333333333333333,0.9666666666666667,0.0,0.0,1.0,0.0
0.07837909890695814,0.047930013827935825,0.30434782608695654,0.5,0.41333333333333333,0.0,0.0,1.0,0.0
0.03905625166622234,0.030827444339252493,0.34782608695652173,0.06666666666666667,0.15333333333333332,0.0,0.0,0.0,0.0
0.035990402559317514,0.02544414887737733,0.6956521739130435,0.7333333333333333,0.7266666666666667,0.0,0.0,0.0,0.0
0.10863769661423621,0.02193371655325754,0.2608695652173913,0.1,0.9933333333333333,0.0,0.0,0.0,0.0
0.053452412689949345,0.015984140925229113,0.17391304347826086,0.6,0.68,0.0,0.0,0.0,0.0
0.06251666222340709,0.022087248127717275,0.2608695652173913,0.4,0.7466666666666667,0.0,0.0,0.0,0.0
0.004665422553985604,0.043065657106558686,0.8695652173913043,0.6,0.8066666666666666,0.0,0.0,0.0,0.0
0.005465209277525993,0.019917516902857313,0.08695652173913043,0.6333333333333333,0.5066666666666667,0.0,0.0,0.0,0.0
0.0015995734470807784,0.029379644620333375,0.4782608695652174,0.36666666666666664,0.9266666666666666,0.0,0.0,0.0,0.0
0.044788056518261794,0.04062045733028478,0.34782608695652173,0.4,0.9933333333333333,0.0,0.0,0.0,0.0
0.05558517728605705,0.027999677391905342,0.391304347826087,0.43333333333333335,0.9866666666666667,0.0,0.0,0.0,0.0
0.9212210077312717,0.00011567862217676279,0.4782608695652174,0.7333333333333333,0.8,0.0,0.0,0.0,1.0
0.06811516928818982,5.1480015104842075e-06,0.30434782608695654,0.23333333333333334,0.12666666666666668,0.0,0.0,0.0,1.0
0.891229005598507,1.0800709051408043e-05,0.5217391304347826,0.4666666666666667,0.02666666666666667,1.0,1.0,0.0,1.0
0.4142895227939216,6.25835477745139e-06,0.391304347826087,0.23333333333333334,0.4866666666666667,0.0,0.0,0.0,1.0
0.08824313516395628,4.219342414475292e-05,0.5652173913043478,0.2,0.03333333333333333,0.0,0.0,0.0,1.0
0.21194348173820315,7.974355280946125e-06,0.2608695652173913,0.3,0.08,1.0,1.0,1.0,1.0
0.19088243135163957,7.8734140748582e-06,0.43478260869565216,0.7333333333333333,0.17333333333333334,1.0,0.0,0.0,1.0
0.3627032791255665,0.00014999863224665752,0.7391304347826086,0.5333333333333333,0.64,1.0,0.0,0.0,1.0
0.3615035990402559,6.369390104148108e-05,0.34782608695652173,0.3333333333333333,0.04666666666666667,0.0,0.0,0.0,1.0
0.07038123167155426,0.00018795252573571754,0.391304347826087,0.5666666666666667,0.24666666666666667,1.0,0.0,1.0,1.0
0.13316448946947482,0.00010336379503403586,0.30434782608695654,0.0,0.3933333333333333,1.0,0.0,0.0,1.0
0.0747800586510264,6.056472365275539e-06,0.30434782608695654,0.16666666666666666,0.08,0.0,0.0,0.0,1.0
0.37256731538256466,1.7059063828859435e-05,0.30434782608695654,0.43333333333333335,0.54,1.0,0.0,0.0,1.0
0.7780591842175419,0.0005406410998069298,0.6521739130434783,0.0,0.36,0.0,0.0,0.0,1.0
0.557584644094908,0.00017321510964688042,0.34782608695652173,0.23333333333333334,0.4866666666666667,1.0,0.0,1.0,1.0
0.061183684350839776,8.781884929649532e-06,0.21739130434782608,0.26666666666666666,0.02,1.0,0.0,0.0,1.0
0.33497733937616636,4.3707542236071805e-05,0.8260869565217391,0.8666666666666667,0.12,1.0,0.0,1.0,1.0
0.20421221007731272,8.58000251747368e-06,0.4782608695652174,0.13333333333333333,0.23333333333333334,0.0,0.0,1.0,1.0
0.41069048253798984,8.781884929649532e-06,0.34782608695652173,0.0,0.19333333333333333,1.0,0.0,0.0,1.0
0.20594508131165024,6.359295983539316e-06,0.13043478260869565,0.13333333333333333,0.02666666666666667,0.0,0.0,0.0,1.0
0.9852039456145028,8.781884929649532e-06,0.6521739130434783,0.16666666666666666,0.04666666666666667,0.0,0.0,0.0,1.0
0.48627032791255664,0.00012052380006898322,0.391304347826087,0.4,0.43333333333333335,1.0,0.0,0.0,1.0
0.12543321780858438,9.427908648612255e-05,0.391304347826087,0.2,0.98,0.0,0.0,1.0,1.0
0.07264729405491868,6.561178395715167e-06,0.391304347826087,0.26666666666666666,0.08,1.0,1.0,0.0,1.0
0.38016528925619836,1.2617650760990706e-05,0.2608695652173913,0.16666666666666666,0.10666666666666667,1.0,0.0,0.0,1.0
0.22167422020794456,6.561178395715167e-06,0.21739130434782608,0.0,0.02666666666666667,1.0,0.0,0.0,1.0
0.07704612103439083,2.9575773383762214e-05,0.6521739130434783,0.8333333333333334,0.8,0.0,0.0,1.0,1.0
0.5550519861370301,7.267766838330646e-06,0.21739130434782608,0.23333333333333334,0.6466666666666666,1.0,0.0,1.0,1.0
0.16968808317781925,1.7059063828859435e-05,0.391304347826087,0.16666666666666666,0.7733333333333333,0.0,0.0,0.0,1.0
0.42668621700879766,0.0006466293661992517,0.34782608695652173,0.03333333333333333,0.82,0.0,0.0,0.0,1.0
0.2577979205545188,1.2012003524463153e-05,0.5217391304347826,0.0,0.3,0.0,0.0,1.0,1.0
0.06491602239402826,0.00015302686842929528,0.6086956521739131,0.7,0.82,0.0,0.0,1.0,1.0
0.34217541988802985,1.160823870011145e-05,0.43478260869565216,0.3333333333333333,0.42,1.0,0.0,0.0,1.0
0.3565715809117569,0.0001527240448110315,0.17391304347826086,0.5,0.20666666666666667,0.0,0.0,0.0,1.0
1.0,0.0006060510013519056,0.30434782608695654,0.5,0.6533333333333333,1.0,0.0,0.0,1.0
0.4969341508930952,9.387532166177085e-06,0.2608695652173913,0.26666666666666666,0.12,1.0,1.0,1.0,1.0
0.07824580111970142,0.00014636474882749218,0.30434782608695654,0.7333333333333333,0.56,0.0,0.0,0.0,1.0
0.1483604372167422,2.6042831170684815e-05,0.391304347826087,0.0,0.9933333333333333,0.0,0.0,1.0,1.0
0.7908557717941882,1.3728004027957888e-05,0.43478260869565216,0.43333333333333335,0.7,1.0,1.0,1.0,1.0
0.31418288456411625,9.48847337226501e-06,0.34782608695652173,0.36666666666666664,0.8666666666666667,1.0,1.0,0.0,1.0
0.9258864302852573,1.2617650760990706e-05,0.21739130434782608,0.3,0.64,1.0,0.0,1.0,1.0
0.12956544921354304,6.843813772761359e-05,0.34782608695652173,0.3333333333333333,0.08,0.0,0.0,0.0,1.0
0.4802719274860037,1.4434592470573367e-05,0.7391304347826086,0.5,0.44666666666666666,1.0,0.0,1.0,1.0
0.41069048253798984,4.229436535084085e-05,0.6521739130434783,0.26666666666666666,0.76,0.0,0.0,0.0,1.0
0.12903225806451613,3.5329422130773973e-05,0.5652173913043478,0.36666666666666664,0.6,0.0,0.0,0.0,1.0
0.9200213276459611,1.0396944227056342e-05,0.34782608695652173,0.0,0.05333333333333334,1.0,0.0,0.0,1.0
0.05545187949880032,2.039012362976098e-05,0.30434782608695654,0.0,0.29333333333333333,0.0,0.0,0.0,1.0
0.5441215675819782,9.387532166177085e-06,0.21739130434782608,0.23333333333333334,0.7466666666666667,1.0,0.0,1.0,1.0
0.10877099440149293,6.056472365275539e-06,0.5217391304347826,0.16666666666666666,0.5866666666666667,1.0,0.0,0.0,1.0
0.5113303119168222,7.368708044418572e-06,0.21739130434782608,0.26666666666666666,0.6466666666666666,1.0,0.0,1.0,1.0
0.4680085310583844,4.340471861780803e-06,0.43478260869565216,0.3,0.05333333333333334,1.0,0.0,0.0,1.0
0.03745667821914156,4.845177892220431e-06,0.30434782608695654,0.26666666666666666,0.13333333333333333,1.0,0.0,0.0,1.0
0.22553985603838977,4.340471861780803e-06,0.34782608695652173,0.0,0.08,1.0,0.0,0.0,1.0
0.31764862703279123,3.9367070374291e-06,0.30434782608695654,0.3333333333333333,0.4266666666666667,0.0,0.0,0.0,1.0
0.2488669688083178,9.387532166177085e-06,0.34782608695652173,0.2,0.05333333333333334,1.0,0.0,0.0,1.0
0.3723007198080512,7.368708044418572e-06,0.21739130434782608,0.26666666666666666,0.6466666666666666,1.0,0.0,1.0,1.0
0.5706478272460677,0.0003676278725722252,0.391304347826087,0.9,0.2733333333333333,0.0,0.0,0.0,1.0
0.3284457478005865,1.4737416088837143e-05,0.43478260869565216,0.0,0.3933333333333333,1.0,0.0,0.0,1.0
0.09704078912290055,0.00012385485986988478,0.5217391304347826,0.23333333333333334,0.9733333333333334,1.0,0.0,1.0,1.0
0.3381764862703279,6.157413571363464e-06,0.391304347826087,0.3,0.02666666666666667,0.0,0.0,0.0,1.0
0.26099706744868034,6.066566485884331e-05,0.2608695652173913,0.0,0.7733333333333333,0.0,0.0,0.0,1.0
0.04905358571047721,2.0087300011497205e-05,0.5652173913043478,0.8333333333333334,0.38666666666666666,1.0,0.0,0.0,1.0
0.2787256731538256,0.0001094202673993114,0.17391304347826086,0.0,0.37333333333333335,1.0,0.0,0.0,1.0
0.13329778725673153,1.18101211122873e-05,0.13043478260869565,0.3,0.013333333333333334,1.0,0.0,0.0,1.0
0.5346574246867501,0.00014141862972918382,0.43478260869565216,0.2,0.24,1.0,0.0,1.0,1.0
0.6580911756864836,9.084708547913308e-06,0.30434782608695654,0.23333333333333334,0.1,1.0,1.0,0.0,1.0
0.30885097307384696,0.00014454780711790953,0.43478260869565216,0.3,0.88,1.0,0.0,0.0,1.0
0.7015462543321781,1.7059063828859435e-05,0.391304347826087,0.6,0.17333333333333334,0.0,0.0,0.0,1.0
0.5007997867235404,2.1399535690640236e-05,0.2608695652173913,0.4,0.98,0.0,0.0,1.0,1.0
0.5134630765129299,6.056472365275539e-06,0.43478260869565216,0.23333333333333334,0.21333333333333335,0.0,0.0,0.0,1.0
0.38576379632098107,9.690355784440861e-06,0.2608695652173913,0.0,0.21333333333333335,1.0,0.0,0.0,1.0
0.9826712876566249,2.1197653278464385e-05,0.5217391304347826,0.2,0.5,0.0,0.0,0.0,1.0
0.18448413756331644,6.763060807891018e-06,0.43478260869565216,0.4,0.06666666666666667,1.0,1.0,0.0,1.0
0.996534257531325,0.00030524620720988717,0.30434782608695654,0.36666666666666664,1.0,1.0,0.0,0.0,1.0
0.9565449213543055,9.690355784440861e-06,0.21739130434782608,0.23333333333333334,0.6866666666666666,1.0,0.0,1.0,1.0
0.19221540922420688,6.25835477745139e-06,0.2608695652173913,0.2,0.3466666666666667,1.0,0.0,1.0,1.0
0.8076512929885364,0.00022610830163695344,0.21739130434782608,0.7,0.34,0.0,0.0,0.0,1.0
0.9644094908024526,1.3324239203606185e-05,0.5217391304347826,0.0,0.02,1.0,0.0,0.0,1.0
0.30525193281791524,6.662119601803093e-06,0.34782608695652173,0.0,0.06666666666666667,1.0,0.0,0.0,1.0
0.26006398293788324,5.248942716572134e-06,0.43478260869565216,0.3333333333333333,0.02,1.0,0.0,0.0,1.0
0.46880831778192483,8.07529648703405e-06,0.17391304347826086,0.26666666666666666,0.6466666666666666,0.0,0.0,0.0,1.0
0.6794188216475606,1.0396944227056342e-05,0.30434782608695654,0.26666666666666666,0.12,1.0,1.0,0.0,1.0
0.2872567315382565,1.1911062318375226e-05,0.43478260869565216,0.0,0.4066666666666667,1.0,0.0,1.0,1.0
0.9044254865369235,1.322329799751826e-05,0.21739130434782608,0.2,0.6133333333333333,1.0,0.0,0.0,1.0
0.6083711010397227,0.0002420570121988457,1.0,0.0,0.32666666666666666,0.0,0.0,1.0,1.0
0.3073846974140229,0.00045948437011223754,0.5217391304347826,0.2,0.22,1.0,0.0,0.0,1.0
0.15235937083444415,2.230800654543157e-05,0.30434782608695654,0.0,0.9,0.0,0.0,0.0,1.0
0.2797920554518795,0.00016988404984597885,0.34782608695652173,1.0,0.9066666666666666,0.0,0.0,1.0,1.0
0.6670221274326846,0.0005854589953099687,0.5217391304347826,0.4666666666666667,0.41333333333333333,1.0,0.0,1.0,1.0
0.5115969074913357,2.3519301018486677e-05,0.4782608695652174,0.0,0.23333333333333334,1.0,0.0,1.0,1.0
0.1738203145827779,0.0004246596540119032,0.391304347826087,0.23333333333333334,0.9933333333333333,0.0,0.0,0.0,1.0
0.38136496934150893,1.7361887447123212e-05,0.2608695652173913,0.13333333333333333,0.07333333333333333,1.0,0.0,0.0,1.0
0.40189282857904557,1.61505929740681e-05,0.30434782608695654,0.3,0.17333333333333334,1.0,0.0,0.0,1.0
0.6934150893095175,1.322329799751826e-05,0.5217391304347826,0.3333333333333333,0.12666666666666668,1.0,0.0,0.0,1.0
0.498000533191149,3.89633055499393e-05,0.30434782608695654,0.23333333333333334,0.13333333333333333,1.0,0.0,0.0,1.0
0.1267661956811517,0.0003605619881460704,0.4782608695652174,0.43333333333333335,0.5866666666666667,1.0,0.0,0.0,1.0
0.23287123433751,7.166825632242721e-06,0.34782608695652173,0.1,0.05333333333333334,1.0,0.0,1.0,1.0
0.11263663023193815,1.2819533173166557e-05,0.30434782608695654,0.23333333333333334,0.36666666666666664,1.0,0.0,0.0,1.0
0.16022394028259132,1.019506181488049e-05,0.34782608695652173,0.16666666666666666,0.18,1.0,0.0,0.0,1.0
0.3452412689949347,7.984449401554919e-05,0.43478260869565216,0.4666666666666667,0.07333333333333333,0.0,0.0,0.0,1.0
0.5611836843508398,1.4535533676661293e-05,0.5217391304347826,0.0,0.37333333333333335,0.0,0.0,0.0,1.0
0.5459877366035724,9.690355784440861e-06,0.34782608695652173,0.36666666666666664,0.12666666666666668,1.0,1.0,0.0,1.0
0.8802985870434551,8.479061311385754e-06,0.30434782608695654,0.16666666666666666,0.44666666666666666,1.0,0.0,1.0,1.0
0.9941348973607038,1.645341659233188e-05,0.2608695652173913,0.2,0.14666666666666667,1.0,0.0,0.0,1.0
0.3697680618501733,0.0011850497594722471,0.17391304347826086,0.4666666666666667,0.09333333333333334,1.0,0.0,0.0,1.0
0.08930951746201013,4.471695429695106e-05,0.5217391304347826,0.0,0.18,0.0,0.0,0.0,1.0
0.6251666222340709,0.000291921968006281,0.6086956521739131,0.5666666666666667,0.26666666666666666,1.0,1.0,0.0,1.0
0.5773127166089043,0.00022691583128565685,0.6086956521739131,0.36666666666666664,0.22666666666666666,0.0,0.0,0.0,1.0
0.37643295121300985,7.267766838330646e-06,0.5217391304347826,0.16666666666666666,0.17333333333333334,0.0,0.0,0.0,1.0
0.40549186883497734,9.185649754001233e-06,0.34782608695652173,0.26666666666666666,0.16,1.0,0.0,0.0,1.0
0.3001866169021594,0.00013687627545522717,0.4782608695652174,0.7,0.26,0.0,0.0,0.0,1.0
0.6879498800319914,1.6554357798419806e-05,0.21739130434782608,0.13333333333333333,0.25333333333333335,0.0,0.0,0.0,1.0
0.9813383097840576,1.7260946241035285e-05,0.4782608695652174,0.26666666666666666,0.4066666666666667,1.0,0.0,0.0,1.0
0.9988003199146894,1.019506181488049e-05,0.2608695652173913,0.3,0.41333333333333333,1.0,1.0,0.0,1.0
0.11050386563583045,0.00017089346190685812,0.6521739130434783,0.5333333333333333,0.9866666666666667,0.0,0.0,1.0,1.0
0.10557184750733138,6.864002013978944e-06,0.43478260869565216,0.3,0.8,0.0,0.0,0.0,1.0
0.12036790189282857,9.48847337226501e-06,0.43478260869565216,0.0,0.12666666666666668,1.0,0.0,0.0,1.0
0.3778992268728339,2.523530152198141e-06,0.2608695652173913,0.06666666666666667,0.14,0.0,0.0,0.0,1.0
0.3452412689949347,1.57468281497164e-05,0.30434782608695654,0.2,0.16666666666666666,1.0,0.0,0.0,1.0
0.13636363636363635,1.61505929740681e-05,0.30434782608695654,0.3333333333333333,0.64,1.0,1.0,1.0,1.0
0.3305785123966942,8.07529648703405e-06,0.6521739130434783,0.16666666666666666,0.9933333333333333,1.0,0.0,1.0,1.0
0.2011463609704079,1.3627062821869961e-05,0.30434782608695654,0.06666666666666667,0.5333333333333333,1.0,0.0,0.0,1.0
0.6635563849640096,1.2012003524463153e-05,0.391304347826087,0.23333333333333334,0.38666666666666666,1.0,0.0,1.0,1.0
0.07424686750199946,1.322329799751826e-05,0.2608695652173913,0.26666666666666666,0.9733333333333334,0.0,0.0,0.0,1.0
0.09837376699546788,1.6049651767980178e-05,0.6956521739130435,0.6333333333333333,0.13333333333333333,0.0,0.0,0.0,1.0
0.6616902159424154,0.00010841085533843215,0.5217391304347826,0.26666666666666666,0.3333333333333333,1.0,0.0,0.0,1.0
0.11743535057318048,0.00011789932871069715,0.5652173913043478,0.5,0.3933333333333333,1.0,0.0,0.0,1.0
0.8032524660090643,8.983767341825382e-06,0.34782608695652173,0.16666666666666666,0.12,1.0,0.0,0.0,1.0
0.2713942948547054,8.378120105297829e-06,0.34782608695652173,0.0,0.03333333333333333,0.0,0.0,0.0,1.0
0.04038922953878966,5.450825128747985e-06,0.2608695652173913,0.26666666666666666,0.08,1.0,0.0,0.0,1.0
0.8372434017595308,1.2112944730551078e-05,0.2608695652173913,0.13333333333333333,0.04666666666666667,1.0,0.0,0.0,1.0
0.9973340442548654,0.002073130490633817,0.21739130434782608,0.4,0.9333333333333333,0.0,0.0,1.0,1.0
0.09797387363369768,0.0011314499790395585,0.6086956521739131,0.5666666666666667,0.9333333333333333,0.0,0.0,1.0,1.0
0.8517728605705145,1.019506181488049e-05,0.17391304347826086,0.43333333333333335,0.04,1.0,1.0,1.0,1.0
0.7147427352705945,9.892238196616714e-06,0.21739130434782608,0.26666666666666666,0.08666666666666667,1.0,1.0,0.0,1.0
0.5807784590775793,1.3627062821869961e-05,0.2608695652173913,0.26666666666666666,0.07333333333333333,1.0,1.0,0.0,1.0
0.3865635830445215,0.00014111580611092005,0.391304347826087,0.6666666666666666,0.88,1.0,1.0,0.0,1.0
0.639029592108771,9.084708547913308e-06,0.21739130434782608,0.3,0.6466666666666666,1.0,0.0,1.0,1.0
0.22620634497467343,9.468285131047425e-05,0.391304347826087,0.0,0.9266666666666666,0.0,0.0,1.0,1.0
0.17995201279658757,6.864002013978944e-06,0.30434782608695654,0.4,0.10666666666666667,1.0,0.0,0.0,1.0
0.46467608637696617,8.176237693121978e-06,0.30434782608695654,0.16666666666666666,0.07333333333333333,1.0,0.0,0.0,1.0
0.16515595841109038,3.2805891978575835e-05,0.4782608695652174,0.16666666666666666,0.29333333333333333,0.0,0.0,0.0,1.0
0.3423087176752866,1.1305415081847672e-05,0.4782608695652174,0.0,0.17333333333333334,1.0,0.0,1.0,1.0
0.06304985337243402,9.084708547913308e-07,0.5652173913043478,0.13333333333333333,0.26666666666666666,0.0,0.0,0.0,1.0
0.7200746467608637,8.680943723561606e-06,0.21739130434782608,0.36666666666666664,0.08666666666666667,1.0,0.0,1.0,1.0
0.6288989602772594,1.1911062318375226e-05,0.34782608695652173,0.0,0.24,0.0,0.0,0.0,1.0
0.35470541189016264,0.0001523202799866798,0.6086956521739131,0.13333333333333333,0.43333333333333335,0.0,0.0,0.0,1.0
0.445881098373767,6.864002013978944e-06,0.30434782608695654,0.0,0.12666666666666668,1.0,0.0,0.0,1.0
0.5027992535323914,6.157413571363464e-06,0.17391304347826086,0.2,0.04666666666666667,1.0,1.0,1.0,1.0
0.09797387363369768,4.64329548004458e-06,0.43478260869565216,0.2,0.06666666666666667,0.0,0.0,0.0,1.0
0.8229805385230605,9.993179402704639e-06,0.21739130434782608,0.2,0.6133333333333333,1.0,0.0,0.0,1.0
0.22540655825113304,0.00021641794585251258,0.5217391304347826,0.5,0.32666666666666666,0.0,0.0,0.0,1.0
0.07984537456678219,5.047060304396282e-07,0.5217391304347826,0.3333333333333333,0.16666666666666666,0.0,0.0,0.0,1.0
0.33631031724873367,0.00035470739819297073,0.13043478260869565,0.13333333333333333,0.26666666666666666,1.0,0.0,0.0,1.0
0.37843241802186084,1.413176885230959e-06,0.2608695652173913,0.13333333333333333,0.02666666666666667,1.0,0.0,0.0,1.0
0.9972007464676086,0.00038983493791156887,0.43478260869565216,0.16666666666666666,0.76,1.0,0.0,0.0,1.0
0.09104238869634763,6.934660858240491e-05,0.391304347826087,0.5666666666666667,0.49333333333333335,1.0,0.0,0.0,1.0
0.16022394028259132,7.409084526853742e-05,0.391304347826087,0.9,1.0,1.0,0.0,1.0,1.0
0.639029592108771,8.983767341825382e-06,0.17391304347826086,0.2,0.10666666666666667,1.0,0.0,0.0,1.0
0.5063982937883231,1.1507297494023524e-05,0.34782608695652173,0.5333333333333333,0.5333333333333333,0.0,0.0,1.0,1.0
0.3802985870434551,5.400354525704022e-05,0.6956521739130435,0.6333333333333333,0.8133333333333334,0.0,0.0,1.0,1.0
0.11343641695547854,4.390942464824765e-05,0.4782608695652174,0.06666666666666667,0.24,0.0,0.0,0.0,1.0
0.5358571047720608,1.2012003524463153e-05,0.21739130434782608,0.03333333333333333,0.08666666666666667,1.0,0.0,0.0,1.0
0.22140762463343108,8.680943723561606e-06,0.2608695652173913,0.0,0.12,0.0,0.0,0.0,1.0
0.36656891495601174,8.176237693121978e-06,0.6086956521739131,0.2,0.5,1.0,0.0,0.0,1.0
0.3237803252466009,0.00012647933122817082,0.43478260869565216,0.4666666666666667,0.7733333333333333,0.0,0.0,1.0,1.0
0.5793121834177553,0.00022106124133255717,0.6521739130434783,0.5,0.9,1.0,0.0,0.0,1.0
0.07144761396960811,6.662119601803093e-06,0.34782608695652173,0.16666666666666666,0.44666666666666666,1.0,0.0,0.0,1.0
0.7238069848040523,1.4636474882749218e-05,0.43478260869565216,0.0,0.09333333333333334,1.0,0.0,0.0,1.0
0.781524926686217,1.6554357798419806e-05,0.34782608695652173,0.26666666666666666,0.12,1.0,0.0,0.0,1.0
0.1458277792588643,0.0001019506181488049,0.2608695652173913,0.36666666666666664,0.6333333333333333,0.0,0.0,0.0,1.0
0.5033324446814182,1.6857181416683584e-05,0.34782608695652173,0.0,0.12666666666666668,1.0,0.0,0.0,1.0
0.4256198347107438,0.00017432546291384758,0.43478260869565216,0.0,0.42,0.0,0.0,0.0,1.0
0.5031991468941616,0.00017291228602861662,0.43478260869565216,0.3333333333333333,0.5133333333333333,0.0,0.0,0.0,1.0
0.03199146894161557,1.6958122622771508e-05,0.34782608695652173,0.5666666666666667,0.9333333333333333,0.0,0.0,0.0,1.0
0.22900559850706478,5.915154676752443e-05,0.34782608695652173,0.3,0.11333333333333333,0.0,0.0,0.0,1.0
0.6235670487869901,0.00020915017901418194,0.43478260869565216,0.13333333333333333,0.2866666666666667,1.0,0.0,0.0,1.0
0.5229272194081578,9.690355784440861e-06,0.08695652173913043,0.0,0.36666666666666664,1.0,0.0,0.0,1.0
0.7486003732338044,0.0006992197345710609,0.4782608695652174,0.5,0.6533333333333333,0.0,0.0,0.0,1.0
0.07717941882164756,8.781884929649532e-06,0.43478260869565216,0.0,0.14,1.0,0.0,0.0,1.0
0.7119434817382031,9.791296990528788e-06,0.5652173913043478,0.23333333333333334,0.06,0.0,0.0,0.0,1.0
0.6883497733937617,0.0005045041480274524,0.7391304347826086,0.7,0.08666666666666667,0.0,0.0,1.0,1.0
0.5998400426552919,0.0002526558388380779,0.2608695652173913,0.43333333333333335,0.7733333333333333,1.0,0.0,0.0,1.0
0.03519061583577713,1.483835729492507e-05,0.43478260869565216,0.8333333333333334,1.0,0.0,0.0,0.0,1.0
0.559584110903759,2.0188241217585127e-06,0.34782608695652173,0.13333333333333333,0.04,0.0,0.0,0.0,1.0
0.08810983737669954,4.64329548004458e-06,0.6086956521739131,0.5666666666666667,0.22666666666666666,0.0,0.0,0.0,1.0
0.9762729938683018,1.1103532669671821e-05,0.21739130434782608,0.23333333333333334,0.6133333333333333,1.0,0.0,0.0,1.0
0.15062649960010663,0.00017775746392083706,0.5652173913043478,0.2,0.3333333333333333,1.0,0.0,0.0,1.0
0.4554785390562517,2.685036081938822e-05,0.21739130434782608,0.8333333333333334,0.8133333333333334,1.0,0.0,0.0,1.0
0.24446814182884563,0.0001531278096353832,0.8260869565217391,0.5666666666666667,0.25333333333333335,0.0,0.0,0.0,1.0
0.3786990135963743,1.594871056189225e-05,0.2608695652173913,0.16666666666666666,0.04666666666666667,0.0,0.0,0.0,1.0
0.06238336443615036,7.368708044418572e-06,0.2608695652173913,0.2,0.04666666666666667,1.0,0.0,0.0,1.0
0.7134097573980271,1.2213885936639003e-05,0.34782608695652173,0.0,0.41333333333333333,1.0,0.0,0.0,1.0
0.34350839776059716,0.00020814076695330267,0.5217391304347826,0.5333333333333333,0.74,0.0,0.0,0.0,1.0
0.1022394028259131,7.166825632242721e-06,0.34782608695652173,0.3,0.18,0.0,0.0,0.0,1.0
0.9946680885097308,0.0010417132468273926,0.5217391304347826,0.9666666666666667,1.0,0.0,0.0,0.0,1.0
0.32737936550253266,4.845177892220431e-05,0.43478260869565216,0.43333333333333335,0.96,0.0,0.0,1.0,1.0
0.7119434817382031,1.1406356287935597e-05,0.391304347826087,0.0,0.2866666666666667,0.0,0.0,0.0,1.0
0.557584644094908,1.0296003020968415e-05,0.5652173913043478,0.0,0.24,0.0,0.0,0.0,1.0
0.7155425219941349,1.5645886943628477e-05,0.5217391304347826,0.0,0.11333333333333333,1.0,0.0,1.0,1.0
0.02426019728072514,0.0,0.2608695652173913,0.16666666666666666,0.03333333333333333,1.0,0.0,0.0,1.0
0.3067182084777393,7.469649250506498e-06,0.34782608695652173,0.3,0.5133333333333333,0.0,0.0,0.0,1.0
0.6428952279392162,0.00019612876342883952,0.30434782608695654,0.7,0.41333333333333333,1.0,0.0,0.0,1.0
0.7784590775793122,5.349883922660059e-06,0.391304347826087,0.3333333333333333,0.34,0.0,0.0,0.0,1.0
0.5515862436683551,0.00025356430969286924,0.34782608695652173,0.36666666666666664,0.58,1.0,1.0,0.0,1.0
0.18061850173287122,0.0001586795759702191,0.4782608695652174,0.5333333333333333,1.0,0.0,0.0,0.0,1.0
0.5565182617968542,8.680943723561606e-06,0.21739130434782608,0.23333333333333334,0.6466666666666666,1.0,0.0,1.0,1.0
0.0946414289522794,4.64329548004458e-06,0.2608695652173913,0.13333333333333333,0.29333333333333333,1.0,0.0,1.0,1.0
0.2556651559584111,7.570590456594423e-06,0.30434782608695654,0.0,0.14,0.0,0.0,1.0,1.0
0.35643828312450015,6.591460757541544e-05,0.34782608695652173,0.2,0.16666666666666666,0.0,0.0,0.0,1.0
0.8236470274593441,1.413176885230959e-05,0.34782608695652173,0.0,0.04666666666666667,1.0,0.0,0.0,1.0
0.4184217541988803,7.368708044418572e-06,0.30434782608695654,0.16666666666666666,0.12,1.0,0.0,0.0,1.0
0.23553719008264462,0.00012486427193076401,0.391304347826087,0.0,0.17333333333333334,1.0,0.0,0.0,1.0
0.6635563849640096,1.3526121615782036e-05,0.30434782608695654,0.3333333333333333,0.44,1.0,0.0,0.0,1.0
0.061183684350839776,2.5336242728069336e-05,0.34782608695652173,0.16666666666666666,0.08,0.0,0.0,0.0,1.0
0.8844308184484138,8.07529648703405e-06,0.43478260869565216,0.43333333333333335,0.08,1.0,1.0,0.0,1.0
0.07331378299120235,1.1507297494023524e-05,0.17391304347826086,0.26666666666666666,0.04666666666666667,1.0,0.0,0.0,1.0
0.6696880831778192,1.3828945234045814e-05,0.5217391304347826,0.43333333333333335,0.02666666666666667,1.0,0.0,0.0,1.0
0.08944281524926687,3.906424675602722e-05,0.391304347826087,0.3,0.25333333333333335,1.0,0.0,0.0,1.0
0.045721141029058915,1.948165277496965e-05,0.43478260869565216,0.4666666666666667,0.64,1.0,0.0,0.0,1.0
0.9741402292721941,1.1204473875759746e-05,0.21739130434782608,0.23333333333333334,0.02666666666666667,1.0,0.0,0.0,1.0
0.9305518528392429,1.0396944227056342e-05,0.5217391304347826,0.7333333333333333,0.3,0.0,0.0,0.0,1.0
0.40349240202612635,2.3115536194134972e-05,0.391304347826087,0.7,0.2,1.0,0.0,0.0,1.0
0.22500666488936283,4.098212967169781e-05,0.30434782608695654,0.5666666666666667,0.4,1.0,0.0,0.0,1.0
0.06544921354305519,2.4225889461102153e-06,0.6521739130434783,0.4,0.41333333333333333,0.0,0.0,0.0,1.0
0.3624366835510531,1.18101211122873e-05,0.2608695652173913,0.3333333333333333,0.4533333333333333,0.0,0.0,0.0,1.0
0.3199146894161557,0.00031503750420041596,0.43478260869565216,0.43333333333333335,0.8666666666666667,0.0,0.0,0.0,1.0
0.32138096507597974,5.723366385185384e-05,0.43478260869565216,0.2,0.9266666666666666,0.0,0.0,1.0,1.0
0.6687549986670221,8.277178899209903e-06,0.34782608695652173,0.1,0.36,1.0,0.0,0.0,1.0
0.4320181284990669,0.00017654616944778195,0.2608695652173913,0.0,0.42,1.0,0.0,0.0,1.0
0.1948813649693415,0.00016463510712940672,0.30434782608695654,0.0,0.17333333333333334,0.0,0.0,0.0,1.0
0.06998133830978406,4.4414130678687284e-06,0.391304347826087,0.0,0.02666666666666667,1.0,0.0,0.0,1.0
0.384297520661157,0.00043273495049893726,0.7391304347826086,0.5,0.22666666666666666,1.0,0.0,0.0,1.0
0.8259130898427086,1.1911062318375226e-05,0.4782608695652174,0.0,0.14666666666666667,1.0,0.0,0.0,1.0
0.144494801386297,5.450825128747985e-06,0.34782608695652173,0.0,0.5066666666666667,0.0,0.0,0.0,1.0
0.06798187150093309,2.2207065339343642e-06,0.30434782608695654,0.3,0.20666666666666667,1.0,0.0,1.0,1.0
0.10970407891229006,5.5517663348359106e-06,0.391304347826087,0.4,0.08666666666666667,1.0,1.0,0.0,1.0
0.5543854972007465,0.00013213203876909468,0.5217391304347826,0.16666666666666666,0.29333333333333333,1.0,0.0,0.0,1.0
